Search_Timestamp,Origin,Destination,Departure_Date,Return_Date,Nights,Total_Price_EUR,Price_Per_Person_EUR,Airline,Max_Stops
2026-04-26 17:21:51,MAD,PEK,2026-11-05,2026-11-19,14,3728.83,932.2075,Air China,0
2026-04-26 17:21:51,MAD,PEK,2026-11-05,2026-11-19,14,3729.13,932.2825,Air China,0
2026-04-26 17:21:51,MAD,PEK,2026-11-05,2026-11-19,14,3851.67,962.9175,Air China,0
2026-04-26 17:21:51,MAD,PEK,2026-11-05,2026-11-19,14,3851.63,962.9075,Air China,0
2026-04-26 17:21:51,MAD,PEK,2026-11-05,2026-11-19,14,3375.69,843.9225,Lufthansa,1
2026-04-26 17:21:51,MAD,PEK,2026-11-05,2026-11-19,14,3385.79,846.4475,Brussels Airlines,1
2026-04-26 17:21:51,MAD,PEK,2026-11-05,2026-11-19,14,3498.38,874.595,Lufthansa,1
2026-04-26 17:21:51,MAD,PEK,2026-11-05,2026-11-19,14,2934.04,733.51,Air France,1
2026-04-26 17:21:51,MAD,PEK,2026-11-05,2026-11-19,14,3508.54,877.135,Brussels Airlines,1
2026-04-26 17:21:51,MAD,PEK,2026-11-05,2026-11-19,14,2702.18,675.545,KLM,1
2026-04-26 17:21:51,MAD,PEK,2026-11-05,2026-11-19,14,2933.71,733.4275,KLM,1
2026-04-26 17:21:51,MAD,PEK,2026-11-05,2026-11-19,14,2935.36,733.84,Air France,1
2026-04-26 17:21:51,MAD,PEK,2026-11-05,2026-11-19,14,3709.69,927.4225,Lufthansa,1
2026-04-26 17:21:51,MAD,PEK,2026-11-05,2026-11-19,14,3027.3,756.825,Egyptair,1
2026-04-26 17:21:51,MAD,PEK,2026-11-05,2026-11-19,14,4024.32,1006.08,Air China,1
2026-04-26 17:22:09,MAD,PEK,2026-11-06,2026-11-20,14,4421.8,1105.45,Air China,0
2026-04-26 17:22:09,MAD,PEK,2026-11-06,2026-11-20,14,4077.7,1019.425,Air China,1
2026-04-26 17:22:09,MAD,PEK,2026-11-06,2026-11-20,14,3201.76,800.44,Air France,1
2026-04-26 17:22:09,MAD,PEK,2026-11-06,2026-11-20,14,3411.18,852.795,Air France,1
2026-04-26 17:22:09,MAD,PEK,2026-11-06,2026-11-20,14,3990.89,997.7225,Brussels Airlines,1
2026-04-26 17:22:09,MAD,PEK,2026-11-06,2026-11-20,14,3204.43,801.1075,Air France,1
2026-04-26 17:22:09,MAD,PEK,2026-11-06,2026-11-20,14,4117.72,1029.43,Air China,1
2026-04-26 17:22:09,MAD,PEK,2026-11-06,2026-11-20,14,3413.5,853.375,Air France,1
2026-04-26 17:22:09,MAD,PEK,2026-11-06,2026-11-20,14,3296.87,824.2175,Emirates Airlines,1
2026-04-26 17:22:09,MAD,PEK,2026-11-06,2026-11-20,14,4009.41,1002.3525,Lufthansa,1
2026-04-26 17:22:09,MAD,PEK,2026-11-06,2026-11-20,14,3296.81,824.2025,Emirates Airlines,1
2026-04-26 17:22:09,MAD,PEK,2026-11-06,2026-11-20,14,3296.75,824.1875,Emirates Airlines,1
2026-04-26 17:22:09,MAD,PEK,2026-11-06,2026-11-20,14,4393.1,1098.275,Air China,1
2026-04-26 17:22:09,MAD,PEK,2026-11-06,2026-11-20,14,3296.69,824.1725,Emirates Airlines,1
2026-04-26 17:22:09,MAD,PEK,2026-11-06,2026-11-20,14,4422.12,1105.53,Air China,1
2026-04-26 17:22:27,MAD,PVG,2026-11-06,2026-11-20,14,3619.14,904.785,China Eastern Airlines,0
2026-04-26 17:22:27,MAD,PVG,2026-11-06,2026-11-20,14,3092.35,773.0875,China Eastern Airlines,1
2026-04-26 17:22:27,MAD,PVG,2026-11-06,2026-11-20,14,2752.53,688.1325,Qatar Airways,1
2026-04-26 17:22:27,MAD,PVG,2026-11-06,2026-11-20,14,2752.53,688.1325,Qatar Airways,1
2026-04-26 17:22:27,MAD,PVG,2026-11-06,2026-11-20,14,2714.38,678.595,Etihad Airways,1
2026-04-26 17:22:27,MAD,PVG,2026-11-06,2026-11-20,14,3308.38,827.095,China Eastern Airlines,1
2026-04-26 17:22:27,MAD,PVG,2026-11-06,2026-11-20,14,2730.4,682.6,Qatar Airways,1
2026-04-26 17:22:27,MAD,PVG,2026-11-06,2026-11-20,14,2730.4,682.6,Qatar Airways,1
2026-04-26 17:22:27,MAD,PVG,2026-11-06,2026-11-20,14,2751.91,687.9775,Qatar Airways,1
2026-04-26 17:22:27,MAD,PVG,2026-11-06,2026-11-20,14,2751.91,687.9775,Qatar Airways,1
2026-04-26 17:22:27,MAD,PVG,2026-11-06,2026-11-20,14,3540.61,885.1525,China Eastern Airlines,1
2026-04-26 17:22:27,MAD,PVG,2026-11-06,2026-11-20,14,2712.06,678.015,Etihad Airways,1
2026-04-26 17:22:27,MAD,PVG,2026-11-06,2026-11-20,14,2739.83,684.9575,Etihad Airways,1
2026-04-26 17:22:27,MAD,PVG,2026-11-06,2026-11-20,14,3535.43,883.8575,China Eastern Airlines,1
2026-04-26 17:22:27,MAD,PVG,2026-11-06,2026-11-20,14,2967.38,741.845,Qatar Airways,1
2026-04-26 17:22:48,MAD,PVG,2026-11-07,2026-11-21,14,2752.36,688.09,Qatar Airways,1
2026-04-26 17:22:48,MAD,PVG,2026-11-07,2026-11-21,14,2752.36,688.09,Qatar Airways,1
2026-04-26 17:22:48,MAD,PVG,2026-11-07,2026-11-21,14,2713.51,678.3775,Etihad Airways,1
2026-04-26 17:22:48,MAD,PVG,2026-11-07,2026-11-21,14,2808.72,702.18,Iberia,1
2026-04-26 17:22:48,MAD,PVG,2026-11-07,2026-11-21,14,2730.31,682.5775,Qatar Airways,1
2026-04-26 17:22:48,MAD,PVG,2026-11-07,2026-11-21,14,2730.31,682.5775,Qatar Airways,1
2026-04-26 17:22:48,MAD,PVG,2026-11-07,2026-11-21,14,3361.2,840.3,China Eastern Airlines,1
2026-04-26 17:22:48,MAD,PVG,2026-11-07,2026-11-21,14,3887.7,971.925,China Eastern Airlines,0
2026-04-26 17:22:48,MAD,PVG,2026-11-07,2026-11-21,14,2752.08,688.02,Qatar Airways,1
2026-04-26 17:22:48,MAD,PVG,2026-11-07,2026-11-21,14,2752.08,688.02,Qatar Airways,1
2026-04-26 17:22:48,MAD,PVG,2026-11-07,2026-11-21,14,3361.16,840.29,China Eastern Airlines,1
2026-04-26 17:22:48,MAD,PVG,2026-11-07,2026-11-21,14,3118.0,779.5,China Eastern Airlines,1
2026-04-26 17:22:48,MAD,PVG,2026-11-07,2026-11-21,14,3117.95,779.4875,China Eastern Airlines,1
2026-04-26 17:22:48,MAD,PVG,2026-11-07,2026-11-21,14,3641.26,910.315,China Eastern Airlines,1
2026-04-26 17:22:48,MAD,PVG,2026-11-07,2026-11-21,14,3808.47,952.1175,China Eastern Airlines,1
2026-04-26 17:23:03,MAD,PEK,2026-11-08,2026-11-22,14,3514.92,878.73,Air China,0
2026-04-26 17:23:03,MAD,PEK,2026-11-08,2026-11-22,14,3840.19,960.0475,Air China,0
2026-04-26 17:23:03,MAD,PEK,2026-11-08,2026-11-22,14,4005.36,1001.34,Air China,0
2026-04-26 17:23:03,MAD,PEK,2026-11-08,2026-11-22,14,2939.84,734.96,Air France,1
2026-04-26 17:23:03,MAD,PEK,2026-11-08,2026-11-22,14,2939.66,734.915,Air France,1
2026-04-26 17:23:03,MAD,PEK,2026-11-08,2026-11-22,14,2939.49,734.8725,Air France,1
2026-04-26 17:23:03,MAD,PEK,2026-11-08,2026-11-22,14,2939.51,734.8775,Air France,1
2026-04-26 17:23:03,MAD,PEK,2026-11-08,2026-11-22,14,3712.13,928.0325,Air China,1
2026-04-26 17:23:03,MAD,PEK,2026-11-08,2026-11-22,14,4319.88,1079.97,Air China,0
2026-04-26 17:23:03,MAD,PEK,2026-11-08,2026-11-22,14,2940.9,735.225,Air France,1
2026-04-26 17:23:03,MAD,PEK,2026-11-08,2026-11-22,14,2940.9,735.225,Air France,1
2026-04-26 17:23:03,MAD,PEK,2026-11-08,2026-11-22,14,2940.83,735.2075,Air France,1
2026-04-26 17:23:03,MAD,PEK,2026-11-08,2026-11-22,14,2498.01,624.5025,Air France,1
2026-04-26 17:23:03,MAD,PEK,2026-11-08,2026-11-22,14,2497.31,624.3275,Air France,1
2026-04-26 17:23:03,MAD,PEK,2026-11-08,2026-11-22,14,3752.09,938.0225,Air China,1
2026-04-26 17:30:02,MAD,PEK,2026-11-05,2026-11-19,14,3718.17,929.5425,Air China,0
2026-04-26 17:30:02,MAD,PEK,2026-11-05,2026-11-19,14,3718.14,929.535,Air China,0
2026-04-26 17:30:02,MAD,PEK,2026-11-05,2026-11-19,14,3840.36,960.09,Air China,0
2026-04-26 17:30:02,MAD,PEK,2026-11-05,2026-11-19,14,3840.33,960.0825,Air China,0
2026-04-26 17:30:02,MAD,PEK,2026-11-05,2026-11-19,14,3366.8,841.7,Lufthansa,1
2026-04-26 17:30:02,MAD,PEK,2026-11-05,2026-11-19,14,3376.8,844.2,Brussels Airlines,1
2026-04-26 17:30:02,MAD,PEK,2026-11-05,2026-11-19,14,3489.01,872.2525,Lufthansa,1
2026-04-26 17:30:02,MAD,PEK,2026-11-05,2026-11-19,14,2940.03,735.0075,Air France,1
2026-04-26 17:30:02,MAD,PEK,2026-11-05,2026-11-19,14,3499.15,874.7875,Brussels Airlines,1
2026-04-26 17:30:02,MAD,PEK,2026-11-05,2026-11-19,14,2711.36,677.84,KLM,1
2026-04-26 17:30:02,MAD,PEK,2026-11-05,2026-11-19,14,2940.9,735.225,Air France,1
2026-04-26 17:30:02,MAD,PEK,2026-11-05,2026-11-19,14,2942.31,735.5775,KLM,1
2026-04-26 17:30:02,MAD,PEK,2026-11-05,2026-11-19,14,3704.84,926.21,Lufthansa,1
2026-04-26 17:30:02,MAD,PEK,2026-11-05,2026-11-19,14,3005.71,751.4275,Egyptair,1
2026-04-26 17:30:02,MAD,PEK,2026-11-05,2026-11-19,14,4015.21,1003.8025,Air China,1
2026-04-26 17:30:20,MAD,PVG,2026-11-05,2026-11-19,14,2878.34,719.585,China Eastern Airlines,1
2026-04-26 17:30:20,MAD,PVG,2026-11-05,2026-11-19,14,3403.5,850.875,China Eastern Airlines,0
2026-04-26 17:30:20,MAD,PVG,2026-11-05,2026-11-19,14,2503.43,625.8575,Qatar Airways,1
2026-04-26 17:30:20,MAD,PVG,2026-11-05,2026-11-19,14,2503.43,625.8575,Qatar Airways,1
2026-04-26 17:30:20,MAD,PVG,2026-11-05,2026-11-19,14,3108.08,777.02,China Eastern Airlines,1
2026-04-26 17:30:20,MAD,PVG,2026-11-05,2026-11-19,14,2481.51,620.3775,Qatar Airways,1
2026-04-26 17:30:20,MAD,PVG,2026-11-05,2026-11-19,14,2481.51,620.3775,Qatar Airways,1
2026-04-26 17:30:20,MAD,PVG,2026-11-05,2026-11-19,14,2578.3,644.575,Etihad Airways,1
2026-04-26 17:30:20,MAD,PVG,2026-11-05,2026-11-19,14,2877.99,719.4975,China Eastern Airlines,1
2026-04-26 17:30:20,MAD,PVG,2026-11-05,2026-11-19,14,2681.3,670.325,China Eastern Airlines,1
2026-04-26 17:30:20,MAD,PVG,2026-11-05,2026-11-19,14,2921.76,730.44,China Eastern Airlines,1
2026-04-26 17:30:20,MAD,PVG,2026-11-05,2026-11-19,14,3204.6,801.15,China Eastern Airlines,1
2026-04-26 17:30:20,MAD,PVG,2026-11-05,2026-11-19,14,2713.35,678.3375,Qatar Airways,1
2026-04-26 17:30:20,MAD,PVG,2026-11-05,2026-11-19,14,2713.35,678.3375,Qatar Airways,1
2026-04-26 17:30:20,MAD,PVG,2026-11-05,2026-11-19,14,2877.92,719.48,China Eastern Airlines,1
2026-04-26 17:30:33,MAD,PEK,2026-11-06,2026-11-20,14,4305.14,1076.285,Air China,0
2026-04-26 17:30:33,MAD,PEK,2026-11-06,2026-11-20,14,3084.7,771.175,Air France,1
2026-04-26 17:30:33,MAD,PEK,2026-11-06,2026-11-20,14,3286.64,821.66,Air France,1
2026-04-26 17:30:33,MAD,PEK,2026-11-06,2026-11-20,14,3888.88,972.22,Brussels Airlines,1
2026-04-26 17:30:33,MAD,PEK,2026-11-06,2026-11-20,14,3084.7,771.175,Air France,1
2026-04-26 17:30:33,MAD,PEK,2026-11-06,2026-11-20,14,3286.64,821.66,Air France,1
2026-04-26 17:30:33,MAD,PEK,2026-11-06,2026-11-20,14,3211.94,802.985,Emirates Airlines,1
2026-04-26 17:30:33,MAD,PEK,2026-11-06,2026-11-20,14,3908.79,977.1975,Lufthansa,1
2026-04-26 17:30:33,MAD,PEK,2026-11-06,2026-11-20,14,3211.94,802.985,Emirates Airlines,1
2026-04-26 17:30:33,MAD,PEK,2026-11-06,2026-11-20,14,3211.94,802.985,Emirates Airlines,1
2026-04-26 17:30:33,MAD,PEK,2026-11-06,2026-11-20,14,4281.48,1070.37,Air China,1
2026-04-26 17:30:33,MAD,PEK,2026-11-06,2026-11-20,14,3211.94,802.985,Emirates Airlines,1
2026-04-26 17:30:33,MAD,PEK,2026-11-06,2026-11-20,14,4309.64,1077.41,Air China,1
2026-04-26 17:30:33,MAD,PEK,2026-11-06,2026-11-20,14,3084.7,771.175,Air France,1
2026-04-26 17:30:33,MAD,PEK,2026-11-06,2026-11-20,14,3506.36,876.59,Air France,1
2026-04-26 17:30:50,MAD,PVG,2026-11-06,2026-11-20,14,3521.72,880.43,China Eastern Airlines,0
2026-04-26 17:30:50,MAD,PVG,2026-11-06,2026-11-20,14,3015.74,753.935,China Eastern Airlines,1
2026-04-26 17:30:50,MAD,PVG,2026-11-06,2026-11-20,14,2624.99,656.2475,Etihad Airways,1
2026-04-26 17:30:50,MAD,PVG,2026-11-06,2026-11-20,14,2682.11,670.5275,Qatar Airways,1
2026-04-26 17:30:50,MAD,PVG,2026-11-06,2026-11-20,14,2682.11,670.5275,Qatar Airways,1
2026-04-26 17:30:50,MAD,PVG,2026-11-06,2026-11-20,14,3223.65,805.9125,China Eastern Airlines,1
2026-04-26 17:30:50,MAD,PVG,2026-11-06,2026-11-20,14,2662.38,665.595,Qatar Airways,1
2026-04-26 17:30:50,MAD,PVG,2026-11-06,2026-11-20,14,2662.38,665.595,Qatar Airways,1
2026-04-26 17:30:50,MAD,PVG,2026-11-06,2026-11-20,14,2682.08,670.52,Qatar Airways,1
2026-04-26 17:30:50,MAD,PVG,2026-11-06,2026-11-20,14,2682.08,670.52,Qatar Airways,1
2026-04-26 17:30:50,MAD,PVG,2026-11-06,2026-11-20,14,3448.96,862.24,China Eastern Airlines,1
2026-04-26 17:30:50,MAD,PVG,2026-11-06,2026-11-20,14,2624.99,656.2475,Etihad Airways,1
2026-04-26 17:30:50,MAD,PVG,2026-11-06,2026-11-20,14,2652.46,663.115,Etihad Airways,1
2026-04-26 17:30:50,MAD,PVG,2026-11-06,2026-11-20,14,3444.16,861.04,China Eastern Airlines,1
2026-04-26 17:30:50,MAD,PVG,2026-11-06,2026-11-20,14,2890.64,722.66,Qatar Airways,1
2026-04-26 17:31:06,MAD,PEK,2026-11-07,2026-11-21,14,3305.51,826.3775,Air China,0
2026-04-26 17:31:06,MAD,PEK,2026-11-07,2026-11-21,14,3583.32,895.83,Air China,0
2026-04-26 17:31:06,MAD,PEK,2026-11-07,2026-11-21,14,2614.44,653.61,Air France,1
2026-04-26 17:31:06,MAD,PEK,2026-11-07,2026-11-21,14,2614.44,653.61,Air France,1
2026-04-26 17:31:06,MAD,PEK,2026-11-07,2026-11-21,14,3293.16,823.29,Brussels Airlines,1
2026-04-26 17:31:06,MAD,PEK,2026-11-07,2026-11-21,14,2614.44,653.61,Air France,1
2026-04-26 17:31:06,MAD,PEK,2026-11-07,2026-11-21,14,2614.44,653.61,Air France,1
2026-04-26 17:31:06,MAD,PEK,2026-11-07,2026-11-21,14,2834.23,708.5575,Air France,1
2026-04-26 17:31:06,MAD,PEK,2026-11-07,2026-11-21,14,3041.41,760.3525,KLM,1
2026-04-26 17:31:06,MAD,PEK,2026-11-07,2026-11-21,14,2814.93,703.7325,KLM,1
2026-04-26 17:31:06,MAD,PEK,2026-11-07,2026-11-21,14,2614.44,653.61,Air France,1
2026-04-26 17:31:06,MAD,PEK,2026-11-07,2026-11-21,14,2410.33,602.5825,Air France,1
2026-04-26 17:31:06,MAD,PEK,2026-11-07,2026-11-21,14,2614.44,653.61,Air France,1
2026-04-26 17:31:06,MAD,PEK,2026-11-07,2026-11-21,14,3572.27,893.0675,Brussels Airlines,1
2026-04-26 17:31:06,MAD,PEK,2026-11-07,2026-11-21,14,2814.93,703.7325,KLM,1
2026-04-26 17:31:21,MAD,PVG,2026-11-07,2026-11-21,14,2752.36,688.09,Qatar Airways,1
2026-04-26 17:31:21,MAD,PVG,2026-11-07,2026-11-21,14,2752.36,688.09,Qatar Airways,1
2026-04-26 17:31:21,MAD,PVG,2026-11-07,2026-11-21,14,2713.51,678.3775,Etihad Airways,1
2026-04-26 17:31:21,MAD,PVG,2026-11-07,2026-11-21,14,2808.72,702.18,Iberia,1
2026-04-26 17:31:21,MAD,PVG,2026-11-07,2026-11-21,14,2730.31,682.5775,Qatar Airways,1
2026-04-26 17:31:21,MAD,PVG,2026-11-07,2026-11-21,14,2730.31,682.5775,Qatar Airways,1
2026-04-26 17:31:21,MAD,PVG,2026-11-07,2026-11-21,14,3361.2,840.3,China Eastern Airlines,1
2026-04-26 17:31:21,MAD,PVG,2026-11-07,2026-11-21,14,3887.7,971.925,China Eastern Airlines,0
2026-04-26 17:31:21,MAD,PVG,2026-11-07,2026-11-21,14,2752.08,688.02,Qatar Airways,1
2026-04-26 17:31:21,MAD,PVG,2026-11-07,2026-11-21,14,2752.08,688.02,Qatar Airways,1
2026-04-26 17:31:21,MAD,PVG,2026-11-07,2026-11-21,14,3361.16,840.29,China Eastern Airlines,1
2026-04-26 17:31:21,MAD,PVG,2026-11-07,2026-11-21,14,3118.0,779.5,China Eastern Airlines,1
2026-04-26 17:31:21,MAD,PVG,2026-11-07,2026-11-21,14,3117.95,779.4875,China Eastern Airlines,1
2026-04-26 17:31:21,MAD,PVG,2026-11-07,2026-11-21,14,3641.26,910.315,China Eastern Airlines,1
2026-04-26 17:31:21,MAD,PVG,2026-11-07,2026-11-21,14,3808.47,952.1175,China Eastern Airlines,1
2026-04-26 17:31:33,MAD,PEK,2026-11-08,2026-11-22,14,3514.92,878.73,Air China,0
2026-04-26 17:31:33,MAD,PEK,2026-11-08,2026-11-22,14,3840.19,960.0475,Air China,0
2026-04-26 17:31:33,MAD,PEK,2026-11-08,2026-11-22,14,4005.36,1001.34,Air China,0
2026-04-26 17:31:33,MAD,PEK,2026-11-08,2026-11-22,14,2939.84,734.96,Air France,1
2026-04-26 17:31:33,MAD,PEK,2026-11-08,2026-11-22,14,2939.66,734.915,Air France,1
2026-04-26 17:31:33,MAD,PEK,2026-11-08,2026-11-22,14,2939.49,734.8725,Air France,1
2026-04-26 17:31:33,MAD,PEK,2026-11-08,2026-11-22,14,2939.51,734.8775,Air France,1
2026-04-26 17:31:33,MAD,PEK,2026-11-08,2026-11-22,14,3712.13,928.0325,Air China,1
2026-04-26 17:31:33,MAD,PEK,2026-11-08,2026-11-22,14,4319.88,1079.97,Air China,0
2026-04-26 17:31:33,MAD,PEK,2026-11-08,2026-11-22,14,2940.9,735.225,Air France,1
2026-04-26 17:31:33,MAD,PEK,2026-11-08,2026-11-22,14,2940.9,735.225,Air France,1
2026-04-26 17:31:33,MAD,PEK,2026-11-08,2026-11-22,14,2940.83,735.2075,Air France,1
2026-04-26 17:31:33,MAD,PEK,2026-11-08,2026-11-22,14,2498.01,624.5025,Air France,1
2026-04-26 17:31:33,MAD,PEK,2026-11-08,2026-11-22,14,2497.31,624.3275,Air France,1
2026-04-26 17:31:33,MAD,PEK,2026-11-08,2026-11-22,14,3752.09,938.0225,Air China,1
2026-04-26 17:31:52,MAD,PVG,2026-11-08,2026-11-22,14,3093.37,773.3425,China Eastern Airlines,1
2026-04-26 17:31:52,MAD,PVG,2026-11-08,2026-11-22,14,3619.02,904.755,China Eastern Airlines,0
2026-04-26 17:31:52,MAD,PVG,2026-11-08,2026-11-22,14,2631.74,657.935,Etihad Airways,1
2026-04-26 17:31:52,MAD,PVG,2026-11-08,2026-11-22,14,3324.3,831.075,China Eastern Airlines,1
2026-04-26 17:31:52,MAD,PVG,2026-11-08,2026-11-22,14,2752.34,688.085,Qatar Airways,1
2026-04-26 17:31:52,MAD,PVG,2026-11-08,2026-11-22,14,2752.34,688.085,Qatar Airways,1
2026-04-26 17:31:52,MAD,PVG,2026-11-08,2026-11-22,14,2730.74,682.685,Qatar Airways,1
2026-04-26 17:31:52,MAD,PVG,2026-11-08,2026-11-22,14,2730.74,682.685,Qatar Airways,1
2026-04-26 17:31:52,MAD,PVG,2026-11-08,2026-11-22,14,2751.8,687.95,Qatar Airways,1
2026-04-26 17:31:52,MAD,PVG,2026-11-08,2026-11-22,14,2751.8,687.95,Qatar Airways,1
2026-04-26 17:31:52,MAD,PVG,2026-11-08,2026-11-22,14,2752.06,688.015,Qatar Airways,1
2026-04-26 17:31:52,MAD,PVG,2026-11-08,2026-11-22,14,2752.06,688.015,Qatar Airways,1
2026-04-26 17:31:52,MAD,PVG,2026-11-08,2026-11-22,14,3093.08,773.27,China Eastern Airlines,1
2026-04-26 17:31:52,MAD,PVG,2026-11-08,2026-11-22,14,3535.07,883.7675,China Eastern Airlines,1
2026-04-26 17:31:52,MAD,PVG,2026-11-08,2026-11-22,14,2923.41,730.8525,China Eastern Airlines,1
2026-04-26 18:56:14,MAD,PEK,2026-11-01,2026-11-17,16,3719.08,929.77,Air China,0
2026-04-26 18:56:14,MAD,PEK,2026-11-01,2026-11-17,16,4150.62,1037.655,Air China,0
2026-04-26 18:56:14,MAD,PEK,2026-11-01,2026-11-17,16,2940.72,735.18,Air France,1
2026-04-26 18:56:14,MAD,PEK,2026-11-01,2026-11-17,16,2942.06,735.515,Air France,1
2026-04-26 18:56:14,MAD,PEK,2026-11-01,2026-11-17,16,2832.89,708.2225,Egyptair,1
2026-04-26 18:56:14,MAD,PEK,2026-11-01,2026-11-17,16,2944.29,736.0725,Air France,1
2026-04-26 18:56:14,MAD,PEK,2026-11-01,2026-11-17,16,2923.65,730.9125,KLM,1
2026-04-26 18:56:14,MAD,PEK,2026-11-01,2026-11-17,16,4017.34,1004.335,Air China,1
2026-04-26 18:56:14,MAD,PEK,2026-11-01,2026-11-17,16,3191.41,797.8525,Emirates Airlines,1
2026-04-26 18:56:14,MAD,PEK,2026-11-01,2026-11-17,16,4121.41,1030.3525,Air China,1
2026-04-26 18:56:14,MAD,PEK,2026-11-01,2026-11-17,16,2943.34,735.835,Air France,1
2026-04-26 18:56:14,MAD,PEK,2026-11-01,2026-11-17,16,3191.35,797.8375,Emirates Airlines,1
2026-04-26 18:56:14,MAD,PEK,2026-11-01,2026-11-17,16,4081.33,1020.3325,Air China,1
2026-04-26 18:56:14,MAD,PEK,2026-11-01,2026-11-17,16,4081.33,1020.3325,Air China,1
2026-04-26 18:56:14,MAD,PEK,2026-11-01,2026-11-17,16,3191.3,797.825,Emirates Airlines,1
2026-04-26 18:56:31,MAD,PVG,2026-11-01,2026-11-17,16,2850.5,712.625,China Eastern Airlines,1
2026-04-26 18:56:31,MAD,PVG,2026-11-01,2026-11-17,16,2564.29,641.0725,Qatar Airways,1
2026-04-26 18:56:31,MAD,PVG,2026-11-01,2026-11-17,16,2564.29,641.0725,Qatar Airways,1
2026-04-26 18:56:31,MAD,PVG,2026-11-01,2026-11-17,16,3242.38,810.595,China Eastern Airlines,1
2026-04-26 18:56:31,MAD,PVG,2026-11-01,2026-11-17,16,2544.42,636.105,Qatar Airways,1
2026-04-26 18:56:31,MAD,PVG,2026-11-01,2026-11-17,16,2544.42,636.105,Qatar Airways,1
2026-04-26 18:56:31,MAD,PVG,2026-11-01,2026-11-17,16,2564.29,641.0725,Qatar Airways,1
2026-04-26 18:56:31,MAD,PVG,2026-11-01,2026-11-17,16,2564.29,641.0725,Qatar Airways,1
2026-04-26 18:56:31,MAD,PVG,2026-11-01,2026-11-17,16,2737.73,684.4325,Iberia,1
2026-04-26 18:56:31,MAD,PVG,2026-11-01,2026-11-17,16,3223.65,805.9125,China Eastern Airlines,1
2026-04-26 18:56:31,MAD,PVG,2026-11-01,2026-11-17,16,3885.79,971.4475,China Eastern Airlines,0
2026-04-26 18:56:31,MAD,PVG,2026-11-01,2026-11-17,16,2569.14,642.285,Iberia,1
2026-04-26 18:56:31,MAD,PVG,2026-11-01,2026-11-17,16,2564.29,641.0725,Qatar Airways,1
2026-04-26 18:56:31,MAD,PVG,2026-11-01,2026-11-17,16,3483.34,870.835,China Eastern Airlines,1
2026-04-26 18:56:31,MAD,PVG,2026-11-01,2026-11-17,16,2564.29,641.0725,Qatar Airways,1
2026-04-26 18:56:46,MAD,PEK,2026-11-01,2026-11-18,17,3721.08,930.27,Air China,0
2026-04-26 18:56:46,MAD,PEK,2026-11-01,2026-11-18,17,3720.31,930.0775,Air China,0
2026-04-26 18:56:46,MAD,PEK,2026-11-01,2026-11-18,17,4151.94,1037.985,Air China,0
2026-04-26 18:56:46,MAD,PEK,2026-11-01,2026-11-18,17,4151.85,1037.9625,Air China,0
2026-04-26 18:56:46,MAD,PEK,2026-11-01,2026-11-18,17,2940.71,735.1775,Air France,1
2026-04-26 18:56:46,MAD,PEK,2026-11-01,2026-11-18,17,2942.04,735.51,Air France,1
2026-04-26 18:56:46,MAD,PEK,2026-11-01,2026-11-18,17,2944.28,736.07,Air France,1
2026-04-26 18:56:46,MAD,PEK,2026-11-01,2026-11-18,17,4040.97,1010.2425,Air China,1
2026-04-26 18:56:46,MAD,PEK,2026-11-01,2026-11-18,17,2923.64,730.91,KLM,1
2026-04-26 18:56:46,MAD,PEK,2026-11-01,2026-11-18,17,4017.35,1004.3375,Air China,1
2026-04-26 18:56:46,MAD,PEK,2026-11-01,2026-11-18,17,4122.83,1030.7075,Air China,1
2026-04-26 18:56:46,MAD,PEK,2026-11-01,2026-11-18,17,3191.41,797.8525,Emirates Airlines,1
2026-04-26 18:56:46,MAD,PEK,2026-11-01,2026-11-18,17,4122.78,1030.695,Air China,1
2026-04-26 18:56:46,MAD,PEK,2026-11-01,2026-11-18,17,2943.31,735.8275,Air France,1
2026-04-26 18:56:46,MAD,PEK,2026-11-01,2026-11-18,17,3191.35,797.8375,Emirates Airlines,1
2026-04-26 18:57:01,MAD,PEK,2026-11-02,2026-11-18,16,2710.53,677.6325,Air France,1
2026-04-26 18:57:01,MAD,PEK,2026-11-02,2026-11-18,16,4151.53,1037.8825,Air China,0
2026-04-26 18:57:01,MAD,PEK,2026-11-02,2026-11-18,16,4150.21,1037.5525,Air China,0
2026-04-26 18:57:01,MAD,PEK,2026-11-02,2026-11-18,16,2941.5,735.375,Air France,1
2026-04-26 18:57:01,MAD,PEK,2026-11-02,2026-11-18,16,2943.62,735.905,Air France,1
2026-04-26 18:57:01,MAD,PEK,2026-11-02,2026-11-18,16,2922.81,730.7025,KLM,1
2026-04-26 18:57:01,MAD,PEK,2026-11-02,2026-11-18,16,2710.32,677.58,Air France,1
2026-04-26 18:57:01,MAD,PEK,2026-11-02,2026-11-18,16,3191.3,797.825,Emirates Airlines,1
2026-04-26 18:57:01,MAD,PEK,2026-11-02,2026-11-18,16,2942.41,735.6025,Air France,1
2026-04-26 18:57:01,MAD,PEK,2026-11-02,2026-11-18,16,3191.24,797.81,Emirates Airlines,1
2026-04-26 18:57:01,MAD,PEK,2026-11-02,2026-11-18,16,2709.05,677.2625,Air France,1
2026-04-26 18:57:01,MAD,PEK,2026-11-02,2026-11-18,16,3191.18,797.795,Emirates Airlines,1
2026-04-26 18:57:01,MAD,PEK,2026-11-02,2026-11-18,16,3704.32,926.08,Air France,1
2026-04-26 18:57:01,MAD,PEK,2026-11-02,2026-11-18,16,3191.12,797.78,Emirates Airlines,1
2026-04-26 18:57:01,MAD,PEK,2026-11-02,2026-11-18,16,4461.21,1115.3025,Air China,1
2026-04-26 18:57:17,MAD,PEK,2026-11-02,2026-11-19,17,2710.54,677.635,Air France,1
2026-04-26 18:57:17,MAD,PEK,2026-11-02,2026-11-19,17,4151.49,1037.8725,Air China,0
2026-04-26 18:57:17,MAD,PEK,2026-11-02,2026-11-19,17,4258.3,1064.575,Air China,0
2026-04-26 18:57:17,MAD,PEK,2026-11-02,2026-11-19,17,2941.49,735.3725,Air France,1
2026-04-26 18:57:17,MAD,PEK,2026-11-02,2026-11-19,17,2943.59,735.8975,Air France,1
2026-04-26 18:57:17,MAD,PEK,2026-11-02,2026-11-19,17,3411.32,852.83,Air France,1
2026-04-26 18:57:17,MAD,PEK,2026-11-02,2026-11-19,17,2922.79,730.6975,KLM,1
2026-04-26 18:57:17,MAD,PEK,2026-11-02,2026-11-19,17,2710.29,677.5725,Air France,1
2026-04-26 18:57:17,MAD,PEK,2026-11-02,2026-11-19,17,3191.3,797.825,Emirates Airlines,1
2026-04-26 18:57:17,MAD,PEK,2026-11-02,2026-11-19,17,2942.4,735.6,Air France,1
2026-04-26 18:57:17,MAD,PEK,2026-11-02,2026-11-19,17,3191.24,797.81,Emirates Airlines,1
2026-04-26 18:57:17,MAD,PEK,2026-11-02,2026-11-19,17,2709.01,677.2525,Air France,1
2026-04-26 18:57:17,MAD,PEK,2026-11-02,2026-11-19,17,3191.19,797.7975,Emirates Airlines,1
2026-04-26 18:57:17,MAD,PEK,2026-11-02,2026-11-19,17,3191.13,797.7825,Emirates Airlines,1
2026-04-26 18:57:17,MAD,PEK,2026-11-02,2026-11-19,17,3641.15,910.2875,Air France,1
2026-04-26 18:57:34,MAD,PVG,2026-11-02,2026-11-19,17,2644.75,661.1875,Qatar Airways,1
2026-04-26 18:57:34,MAD,PVG,2026-11-02,2026-11-19,17,2644.75,661.1875,Qatar Airways,1
2026-04-26 18:57:34,MAD,PVG,2026-11-02,2026-11-19,17,2624.88,656.22,Qatar Airways,1
2026-04-26 18:57:34,MAD,PVG,2026-11-02,2026-11-19,17,2624.88,656.22,Qatar Airways,1
2026-04-26 18:57:34,MAD,PVG,2026-11-02,2026-11-19,17,3782.5,945.625,China Eastern Airlines,0
2026-04-26 18:57:34,MAD,PVG,2026-11-02,2026-11-19,17,2449.94,612.485,Iberia,1
2026-04-26 18:57:34,MAD,PVG,2026-11-02,2026-11-19,17,2440.97,610.2425,Qatar Airways,1
2026-04-26 18:57:34,MAD,PVG,2026-11-02,2026-11-19,17,3274.9,818.725,China Eastern Airlines,1
2026-04-26 18:57:34,MAD,PVG,2026-11-02,2026-11-19,17,3500.49,875.1225,China Eastern Airlines,1
2026-04-26 18:57:34,MAD,PVG,2026-11-02,2026-11-19,17,2429.4,607.35,Iberia,1
2026-04-26 18:57:34,MAD,PVG,2026-11-02,2026-11-19,17,2421.1,605.275,Qatar Airways,1
2026-04-26 18:57:34,MAD,PVG,2026-11-02,2026-11-19,17,2853.14,713.285,Qatar Airways,1
2026-04-26 18:57:34,MAD,PVG,2026-11-02,2026-11-19,17,2853.14,713.285,Qatar Airways,1
2026-04-26 18:57:34,MAD,PVG,2026-11-02,2026-11-19,17,2644.75,661.1875,Qatar Airways,1
2026-04-26 18:57:34,MAD,PVG,2026-11-02,2026-11-19,17,2644.75,661.1875,Qatar Airways,1
2026-04-26 18:57:50,MAD,PEK,2026-11-03,2026-11-19,16,2410.52,602.63,Air France,1
2026-04-26 18:57:50,MAD,PEK,2026-11-03,2026-11-19,16,2410.52,602.63,Air France,1
2026-04-26 18:57:50,MAD,PEK,2026-11-03,2026-11-19,16,3622.92,905.73,Air China,0
2026-04-26 18:57:50,MAD,PEK,2026-11-03,2026-11-19,16,3622.92,905.73,Air China,0
2026-04-26 18:57:50,MAD,PEK,2026-11-03,2026-11-19,16,3740.58,935.145,Air China,0
2026-04-26 18:57:50,MAD,PEK,2026-11-03,2026-11-19,16,2410.52,602.63,Air France,1
2026-04-26 18:57:50,MAD,PEK,2026-11-03,2026-11-19,16,3740.58,935.145,Air China,0
2026-04-26 18:57:50,MAD,PEK,2026-11-03,2026-11-19,16,2410.52,602.63,Air France,1
2026-04-26 18:57:50,MAD,PEK,2026-11-03,2026-11-19,16,3080.98,770.245,Air France,1
2026-04-26 18:57:50,MAD,PEK,2026-11-03,2026-11-19,16,2410.52,602.63,Air France,1
2026-04-26 18:57:50,MAD,PEK,2026-11-03,2026-11-19,16,2410.51,602.6275,Air France,1
2026-04-26 18:57:50,MAD,PEK,2026-11-03,2026-11-19,16,3080.98,770.245,Air France,1
2026-04-26 18:57:50,MAD,PEK,2026-11-03,2026-11-19,16,2772.3,693.075,Egyptair,1
2026-04-26 18:57:50,MAD,PEK,2026-11-03,2026-11-19,16,2410.51,602.6275,Air France,1
2026-04-26 18:57:50,MAD,PEK,2026-11-03,2026-11-19,16,3611.51,902.8775,Brussels Airlines,1
2026-04-26 18:58:07,MAD,PVG,2026-11-03,2026-11-19,16,2503.72,625.93,Qatar Airways,1
2026-04-26 18:58:07,MAD,PVG,2026-11-03,2026-11-19,16,2503.72,625.93,Qatar Airways,1
2026-04-26 18:58:07,MAD,PVG,2026-11-03,2026-11-19,16,2481.92,620.48,Qatar Airways,1
2026-04-26 18:58:07,MAD,PVG,2026-11-03,2026-11-19,16,2481.92,620.48,Qatar Airways,1
2026-04-26 18:58:07,MAD,PVG,2026-11-03,2026-11-19,16,3093.67,773.4175,China Eastern Airlines,1
2026-04-26 18:58:07,MAD,PVG,2026-11-03,2026-11-19,16,3619.87,904.9675,China Eastern Airlines,0
2026-04-26 18:58:07,MAD,PVG,2026-11-03,2026-11-19,16,3325.45,831.3625,China Eastern Airlines,1
2026-04-26 18:58:07,MAD,PVG,2026-11-03,2026-11-19,16,2713.71,678.4275,Qatar Airways,1
2026-04-26 18:58:07,MAD,PVG,2026-11-03,2026-11-19,16,2713.71,678.4275,Qatar Airways,1
2026-04-26 18:58:07,MAD,PVG,2026-11-03,2026-11-19,16,2510.33,627.5825,Iberia,1
2026-04-26 18:58:07,MAD,PVG,2026-11-03,2026-11-19,16,2503.15,625.7875,Qatar Airways,1
2026-04-26 18:58:07,MAD,PVG,2026-11-03,2026-11-19,16,2503.14,625.785,Qatar Airways,1
2026-04-26 18:58:07,MAD,PVG,2026-11-03,2026-11-19,16,2503.14,625.785,Qatar Airways,1
2026-04-26 18:58:07,MAD,PVG,2026-11-03,2026-11-19,16,2503.14,625.785,Qatar Airways,1
2026-04-26 18:58:07,MAD,PVG,2026-11-03,2026-11-19,16,3093.97,773.4925,China Eastern Airlines,1
2026-04-26 18:58:19,MAD,PEK,2026-11-03,2026-11-20,17,2410.51,602.6275,Air France,1
2026-04-26 18:58:19,MAD,PEK,2026-11-03,2026-11-20,17,2615.58,653.895,Air France,1
2026-04-26 18:58:19,MAD,PEK,2026-11-03,2026-11-20,17,2410.51,602.6275,Air France,1
2026-04-26 18:58:19,MAD,PEK,2026-11-03,2026-11-20,17,2615.58,653.895,Air France,1
2026-04-26 18:58:19,MAD,PEK,2026-11-03,2026-11-20,17,2410.51,602.6275,Air France,1
2026-04-26 18:58:19,MAD,PEK,2026-11-03,2026-11-20,17,2615.58,653.895,Air France,1
2026-04-26 18:58:19,MAD,PEK,2026-11-03,2026-11-20,17,3901.58,975.395,Air China,0
2026-04-26 18:58:19,MAD,PEK,2026-11-03,2026-11-20,17,3901.58,975.395,Air China,0
2026-04-26 18:58:19,MAD,PEK,2026-11-03,2026-11-20,17,2410.51,602.6275,Air France,1
2026-04-26 18:58:19,MAD,PEK,2026-11-03,2026-11-20,17,2834.76,708.69,Air France,1
2026-04-26 18:58:19,MAD,PEK,2026-11-03,2026-11-20,17,2615.58,653.895,Air France,1
2026-04-26 18:58:19,MAD,PEK,2026-11-03,2026-11-20,17,2834.76,708.69,Air France,1
2026-04-26 18:58:19,MAD,PEK,2026-11-03,2026-11-20,17,2410.51,602.6275,Air France,1
2026-04-26 18:58:19,MAD,PEK,2026-11-03,2026-11-20,17,2410.51,602.6275,Air France,1
2026-04-26 18:58:19,MAD,PEK,2026-11-03,2026-11-20,17,2410.51,602.6275,Air France,1
2026-04-26 18:58:36,MAD,PVG,2026-11-03,2026-11-20,17,2630.99,657.7475,Qatar Airways,1
2026-04-26 18:58:36,MAD,PVG,2026-11-03,2026-11-20,17,2630.99,657.7475,Qatar Airways,1
2026-04-26 18:58:36,MAD,PVG,2026-11-03,2026-11-20,17,3619.96,904.99,China Eastern Airlines,0
2026-04-26 18:58:36,MAD,PVG,2026-11-03,2026-11-20,17,3092.68,773.17,China Eastern Airlines,1
2026-04-26 18:58:36,MAD,PVG,2026-11-03,2026-11-20,17,2683.43,670.8575,Iberia,1
2026-04-26 18:58:36,MAD,PVG,2026-11-03,2026-11-20,17,2609.07,652.2675,Qatar Airways,1
2026-04-26 18:58:36,MAD,PVG,2026-11-03,2026-11-20,17,2609.07,652.2675,Qatar Airways,1
2026-04-26 18:58:36,MAD,PVG,2026-11-03,2026-11-20,17,2630.72,657.68,Qatar Airways,1
2026-04-26 18:58:36,MAD,PVG,2026-11-03,2026-11-20,17,2630.72,657.68,Qatar Airways,1
2026-04-26 18:58:36,MAD,PVG,2026-11-03,2026-11-20,17,3308.65,827.1625,China Eastern Airlines,1
2026-04-26 18:58:36,MAD,PVG,2026-11-03,2026-11-20,17,3541.45,885.3625,China Eastern Airlines,1
2026-04-26 18:58:36,MAD,PVG,2026-11-03,2026-11-20,17,2844.3,711.075,Qatar Airways,1
2026-04-26 18:58:36,MAD,PVG,2026-11-03,2026-11-20,17,2844.3,711.075,Qatar Airways,1
2026-04-26 18:58:36,MAD,PVG,2026-11-03,2026-11-20,17,2633.86,658.465,Iberia,1
2026-04-26 18:58:36,MAD,PVG,2026-11-03,2026-11-20,17,3086.23,771.5575,China Eastern Airlines,1
2026-04-26 18:58:51,MAD,PEK,2026-11-04,2026-11-20,16,3680.45,920.1125,Air China,0
2026-04-26 18:58:51,MAD,PEK,2026-11-04,2026-11-20,16,4006.13,1001.5325,Air China,0
2026-04-26 18:58:51,MAD,PEK,2026-11-04,2026-11-20,16,3654.84,913.71,Lufthansa,1
2026-04-26 18:58:51,MAD,PEK,2026-11-04,2026-11-20,16,3664.98,916.245,Brussels Airlines,1
2026-04-26 18:58:51,MAD,PEK,2026-11-04,2026-11-20,16,3754.44,938.61,Air China,1
2026-04-26 18:58:51,MAD,PEK,2026-11-04,2026-11-20,16,3201.07,800.2675,Air France,1
2026-04-26 18:58:51,MAD,PEK,2026-11-04,2026-11-20,16,3411.73,852.9325,Air France,1
2026-04-26 18:58:51,MAD,PEK,2026-11-04,2026-11-20,16,2923.62,730.905,KLM,1
2026-04-26 18:58:51,MAD,PEK,2026-11-04,2026-11-20,16,3204.17,801.0425,KLM,1
2026-04-26 18:58:51,MAD,PEK,2026-11-04,2026-11-20,16,3412.74,853.185,KLM,1
2026-04-26 18:58:51,MAD,PEK,2026-11-04,2026-11-20,16,3132.98,783.245,KLM,1
2026-04-26 18:58:51,MAD,PEK,2026-11-04,2026-11-20,16,3869.64,967.41,Air China,1
2026-04-26 18:58:51,MAD,PEK,2026-11-04,2026-11-20,16,3690.5,922.625,Air China,1
2026-04-26 18:58:51,MAD,PEK,2026-11-04,2026-11-20,16,3191.23,797.8075,Emirates Airlines,1
2026-04-26 18:58:51,MAD,PEK,2026-11-04,2026-11-20,16,3191.16,797.79,Emirates Airlines,1
2026-04-26 18:59:07,MAD,PEK,2026-11-04,2026-11-21,17,3394.39,848.5975,Air China,0
2026-04-26 18:59:07,MAD,PEK,2026-11-04,2026-11-21,17,3681.68,920.42,Air China,0
2026-04-26 18:59:07,MAD,PEK,2026-11-04,2026-11-21,17,3720.1,930.025,Air China,0
2026-04-26 18:59:07,MAD,PEK,2026-11-04,2026-11-21,17,3368.18,842.045,Lufthansa,1
2026-04-26 18:59:07,MAD,PEK,2026-11-04,2026-11-21,17,4007.6,1001.9,Air China,0
2026-04-26 18:59:07,MAD,PEK,2026-11-04,2026-11-21,17,3378.19,844.5475,Brussels Airlines,1
2026-04-26 18:59:07,MAD,PEK,2026-11-04,2026-11-21,17,3656.18,914.045,Lufthansa,1
2026-04-26 18:59:07,MAD,PEK,2026-11-04,2026-11-21,17,3666.32,916.58,Brussels Airlines,1
2026-04-26 18:59:07,MAD,PEK,2026-11-04,2026-11-21,17,3754.45,938.6125,Air China,1
2026-04-26 18:59:07,MAD,PEK,2026-11-04,2026-11-21,17,3754.45,938.6125,Air China,1
2026-04-26 18:59:07,MAD,PEK,2026-11-04,2026-11-21,17,3411.73,852.9325,Air France,1
2026-04-26 18:59:07,MAD,PEK,2026-11-04,2026-11-21,17,4041.02,1010.255,Air China,1
2026-04-26 18:59:07,MAD,PEK,2026-11-04,2026-11-21,17,3412.75,853.1875,KLM,1
2026-04-26 18:59:07,MAD,PEK,2026-11-04,2026-11-21,17,3132.97,783.2425,KLM,1
2026-04-26 18:59:07,MAD,PEK,2026-11-04,2026-11-21,17,4122.57,1030.6425,Air China,1
2026-04-26 18:59:24,MAD,PVG,2026-11-04,2026-11-21,17,3015.21,753.8025,China Eastern Airlines,1
2026-04-26 18:59:24,MAD,PVG,2026-11-04,2026-11-21,17,2564.29,641.0725,Qatar Airways,1
2026-04-26 18:59:24,MAD,PVG,2026-11-04,2026-11-21,17,2564.29,641.0725,Qatar Airways,1
2026-04-26 18:59:24,MAD,PVG,2026-11-04,2026-11-21,17,3522.3,880.575,China Eastern Airlines,0
2026-04-26 18:59:24,MAD,PVG,2026-11-04,2026-11-21,17,3015.21,753.8025,China Eastern Airlines,1
2026-04-26 18:59:24,MAD,PVG,2026-11-04,2026-11-21,17,2614.39,653.5975,China Eastern Airlines,1
2026-04-26 18:59:24,MAD,PVG,2026-11-04,2026-11-21,17,2615.47,653.8675,Iberia,1
2026-04-26 18:59:24,MAD,PVG,2026-11-04,2026-11-21,17,2614.39,653.5975,China Eastern Airlines,1
2026-04-26 18:59:24,MAD,PVG,2026-11-04,2026-11-21,17,2544.42,636.105,Qatar Airways,1
2026-04-26 18:59:24,MAD,PVG,2026-11-04,2026-11-21,17,2544.42,636.105,Qatar Airways,1
2026-04-26 18:59:24,MAD,PVG,2026-11-04,2026-11-21,17,2564.29,641.0725,Qatar Airways,1
2026-04-26 18:59:24,MAD,PVG,2026-11-04,2026-11-21,17,2564.29,641.0725,Qatar Airways,1
2026-04-26 18:59:24,MAD,PVG,2026-11-04,2026-11-21,17,3122.84,780.71,China Eastern Airlines,1
2026-04-26 18:59:24,MAD,PVG,2026-11-04,2026-11-21,17,3449.77,862.4425,China Eastern Airlines,1
2026-04-26 18:59:24,MAD,PVG,2026-11-04,2026-11-21,17,3235.39,808.8475,China Eastern Airlines,1
2026-04-26 18:59:39,MAD,PEK,2026-11-05,2026-11-21,16,3622.92,905.73,Air China,0
2026-04-26 18:59:39,MAD,PEK,2026-11-05,2026-11-21,16,3622.92,905.73,Air China,0
2026-04-26 18:59:39,MAD,PEK,2026-11-05,2026-11-21,16,3286.09,821.5225,Lufthansa,1
2026-04-26 18:59:39,MAD,PEK,2026-11-05,2026-11-21,16,3900.48,975.12,Air China,0
2026-04-26 18:59:39,MAD,PEK,2026-11-05,2026-11-21,16,3900.48,975.12,Air China,0
2026-04-26 18:59:39,MAD,PEK,2026-11-05,2026-11-21,16,3294.34,823.585,Brussels Airlines,1
2026-04-26 18:59:39,MAD,PEK,2026-11-05,2026-11-21,16,3039.95,759.9875,Air France,1
2026-04-26 18:59:39,MAD,PEK,2026-11-05,2026-11-21,16,3564.51,891.1275,Lufthansa,1
2026-04-26 18:59:39,MAD,PEK,2026-11-05,2026-11-21,16,3039.95,759.9875,Air France,1
2026-04-26 18:59:39,MAD,PEK,2026-11-05,2026-11-21,16,3041.69,760.4225,KLM,1
2026-04-26 18:59:39,MAD,PEK,2026-11-05,2026-11-21,16,2815.22,703.805,KLM,1
2026-04-26 18:59:39,MAD,PEK,2026-11-05,2026-11-21,16,3572.75,893.1875,Brussels Airlines,1
2026-04-26 18:59:39,MAD,PEK,2026-11-05,2026-11-21,16,2940.35,735.0875,Egyptair,1
2026-04-26 18:59:39,MAD,PEK,2026-11-05,2026-11-21,16,3694.36,923.59,Air China,1
2026-04-26 18:59:39,MAD,PEK,2026-11-05,2026-11-21,16,3694.36,923.59,Air China,1
2026-04-26 18:59:54,MAD,PEK,2026-11-05,2026-11-22,17,3842.34,960.585,Air China,0
2026-04-26 18:59:54,MAD,PEK,2026-11-05,2026-11-22,17,3842.29,960.5725,Air China,0
2026-04-26 18:59:54,MAD,PEK,2026-11-05,2026-11-22,17,3490.65,872.6625,Lufthansa,1
2026-04-26 18:59:54,MAD,PEK,2026-11-05,2026-11-22,17,4321.85,1080.4625,Air China,0
2026-04-26 18:59:54,MAD,PEK,2026-11-05,2026-11-22,17,3500.71,875.1775,Brussels Airlines,1
2026-04-26 18:59:54,MAD,PEK,2026-11-05,2026-11-22,17,4321.82,1080.455,Air China,0
2026-04-26 18:59:54,MAD,PEK,2026-11-05,2026-11-22,17,3871.01,967.7525,Air China,1
2026-04-26 18:59:54,MAD,PEK,2026-11-05,2026-11-22,17,3870.99,967.7475,Air China,1
2026-04-26 18:59:54,MAD,PEK,2026-11-05,2026-11-22,17,3383.14,845.785,Air France,1
2026-04-26 18:59:54,MAD,PEK,2026-11-05,2026-11-22,17,4040.59,1010.1475,Air China,1
2026-04-26 18:59:54,MAD,PEK,2026-11-05,2026-11-22,17,4040.58,1010.145,Air China,1
2026-04-26 18:59:54,MAD,PEK,2026-11-05,2026-11-22,17,3982.49,995.6225,Lufthansa,1
2026-04-26 18:59:54,MAD,PEK,2026-11-05,2026-11-22,17,3382.97,845.7425,Air France,1
2026-04-26 18:59:54,MAD,PEK,2026-11-05,2026-11-22,17,3384.14,846.035,KLM,1
2026-04-26 18:59:54,MAD,PEK,2026-11-05,2026-11-22,17,3151.89,787.9725,KLM,1
2026-04-26 19:00:11,MAD,PVG,2026-11-05,2026-11-22,17,2878.42,719.605,China Eastern Airlines,1
2026-04-26 19:00:11,MAD,PVG,2026-11-05,2026-11-22,17,3404.09,851.0225,China Eastern Airlines,0
2026-04-26 19:00:11,MAD,PVG,2026-11-05,2026-11-22,17,2453.61,613.4025,Etihad Airways,1
2026-04-26 19:00:11,MAD,PVG,2026-11-05,2026-11-22,17,3109.02,777.255,China Eastern Airlines,1
2026-04-26 19:00:11,MAD,PVG,2026-11-05,2026-11-22,17,2630.84,657.71,Qatar Airways,1
2026-04-26 19:00:11,MAD,PVG,2026-11-05,2026-11-22,17,2630.84,657.71,Qatar Airways,1
2026-04-26 19:00:11,MAD,PVG,2026-11-05,2026-11-22,17,2878.61,719.6525,China Eastern Airlines,1
2026-04-26 19:00:11,MAD,PVG,2026-11-05,2026-11-22,17,2681.37,670.3425,China Eastern Airlines,1
2026-04-26 19:00:11,MAD,PVG,2026-11-05,2026-11-22,17,2608.84,652.21,Qatar Airways,1
2026-04-26 19:00:11,MAD,PVG,2026-11-05,2026-11-22,17,2608.84,652.21,Qatar Airways,1
2026-04-26 19:00:11,MAD,PVG,2026-11-05,2026-11-22,17,2630.51,657.6275,Qatar Airways,1
2026-04-26 19:00:11,MAD,PVG,2026-11-05,2026-11-22,17,2630.51,657.6275,Qatar Airways,1
2026-04-26 19:00:11,MAD,PVG,2026-11-05,2026-11-22,17,2630.61,657.6525,Qatar Airways,1
2026-04-26 19:00:11,MAD,PVG,2026-11-05,2026-11-22,17,2630.61,657.6525,Qatar Airways,1
2026-04-26 19:00:11,MAD,PVG,2026-11-05,2026-11-22,17,2921.86,730.465,China Eastern Airlines,1
2026-04-26 19:00:32,MAD,PVG,2026-11-06,2026-11-22,16,2592.69,648.1725,Etihad Airways,1
2026-04-26 19:00:32,MAD,PVG,2026-11-06,2026-11-22,16,3093.5,773.375,China Eastern Airlines,1
2026-04-26 19:00:32,MAD,PVG,2026-11-06,2026-11-22,16,3619.69,904.9225,China Eastern Airlines,0
2026-04-26 19:00:32,MAD,PVG,2026-11-06,2026-11-22,16,3325.29,831.3225,China Eastern Airlines,1
2026-04-26 19:00:32,MAD,PVG,2026-11-06,2026-11-22,16,2752.7,688.175,Qatar Airways,1
2026-04-26 19:00:32,MAD,PVG,2026-11-06,2026-11-22,16,2752.7,688.175,Qatar Airways,1
2026-04-26 19:00:32,MAD,PVG,2026-11-06,2026-11-22,16,2730.63,682.6575,Qatar Airways,1
2026-04-26 19:00:32,MAD,PVG,2026-11-06,2026-11-22,16,2730.63,682.6575,Qatar Airways,1
2026-04-26 19:00:32,MAD,PVG,2026-11-06,2026-11-22,16,2590.47,647.6175,Etihad Airways,1
2026-04-26 19:00:32,MAD,PVG,2026-11-06,2026-11-22,16,2752.14,688.035,Qatar Airways,1
2026-04-26 19:00:32,MAD,PVG,2026-11-06,2026-11-22,16,2752.14,688.035,Qatar Airways,1
2026-04-26 19:00:32,MAD,PVG,2026-11-06,2026-11-22,16,2752.61,688.1525,Qatar Airways,1
2026-04-26 19:00:32,MAD,PVG,2026-11-06,2026-11-22,16,2752.61,688.1525,Qatar Airways,1
2026-04-26 19:00:32,MAD,PVG,2026-11-06,2026-11-22,16,3093.24,773.31,China Eastern Airlines,1
2026-04-26 19:00:32,MAD,PVG,2026-11-06,2026-11-22,16,3536.1,884.025,China Eastern Airlines,1
2026-04-26 19:00:53,MAD,PEK,2026-11-07,2026-11-23,16,3394.07,848.5175,Air China,0
2026-04-26 19:00:53,MAD,PEK,2026-11-07,2026-11-23,16,3515.64,878.91,Air China,0
2026-04-26 19:00:53,MAD,PEK,2026-11-07,2026-11-23,16,2497.67,624.4175,Air France,1
2026-04-26 19:00:53,MAD,PEK,2026-11-07,2026-11-23,16,2710.86,677.715,Air France,1
2026-04-26 19:00:53,MAD,PEK,2026-11-07,2026-11-23,16,2499.43,624.8575,Air France,1
2026-04-26 19:00:53,MAD,PEK,2026-11-07,2026-11-23,16,2711.65,677.9125,Air France,1
2026-04-26 19:00:53,MAD,PEK,2026-11-07,2026-11-23,16,3378.09,844.5225,Brussels Airlines,1
2026-04-26 19:00:53,MAD,PEK,2026-11-07,2026-11-23,16,2498.53,624.6325,Air France,1
2026-04-26 19:00:53,MAD,PEK,2026-11-07,2026-11-23,16,2497.16,624.29,Air France,1
2026-04-26 19:00:53,MAD,PEK,2026-11-07,2026-11-23,16,3499.77,874.9425,Brussels Airlines,1
2026-04-26 19:00:53,MAD,PEK,2026-11-07,2026-11-23,16,3690.26,922.565,Air China,1
2026-04-26 19:00:53,MAD,PEK,2026-11-07,2026-11-23,16,2713.01,678.2525,Air France,1
2026-04-26 19:00:53,MAD,PEK,2026-11-07,2026-11-23,16,2941.47,735.3675,Air France,1
2026-04-26 19:00:53,MAD,PEK,2026-11-07,2026-11-23,16,2710.99,677.7475,KLM,1
2026-04-26 19:00:53,MAD,PEK,2026-11-07,2026-11-23,16,2942.29,735.5725,KLM,1
